category,is_delayed
Books,0.21959324737471753
Electronics,0.3573221540770644
Fashion,0.21286221827467525
Grocery,0.21279932675388263
Home & Kitchen,0.21257701295942213
