is_delayed,is_repeat
False,0.8270100143061516
True,0.8186717663421419
